BLOCKCHAIN ANOMALY DETECTION SYSTEM - COMPREHENSIVE ANALYSIS REPORT
Generated,2025-10-11 18:44:40
System,Double Spending Attack Simulation & Detection
Version,1.0 - Educational Prototype


EXECUTIVE SUMMARY
Metric,Value,Status
Total Blocks,2,Active
Total Transactions,2,Processed
Pending Transactions,0,Queued
Active Wallets,4,Monitored
Network Nodes,120,Simulated
Attack Simulations,1,Performed
Successful Attacks,1,Detected


BLOCKCHAIN TECHNICAL OVERVIEW
Parameter,Specification,Details
Consensus Algorithm,Proof of Work (PoW),SHA-256 Hashing
Mining Difficulty,3,Adjustable
Block Time,Variable,Based on network conditions
Mining Reward,2.0 coins,Per block
Network Protocol,REST API + SimBlock,Hybrid implementation
Connected Peers,0,Active connections

BLOCKCHAIN DATA - DETAILED ANALYSIS
Block Index,Timestamp,Transaction Count,Block Hash (Short),Previous Hash (Short),Status
0,2025-10-11 18:42:31,0,0006cedb93925791...,0...,GENESIS BLOCK
1,2025-10-11 18:43:37,2,000f36e6df9906c0...,0006cedb93925791...,NORMAL

TRANSACTION ANALYSIS - COMPREHENSIVE
Block,Transaction ID,Sender,Receiver,Amount,Type,Timestamp
1,70e0d855106dd37e8c45...,Khurram,Shahzad,5.00,USER TRANSACTION,2025-10-11 18:43:34
1,dc5fa77b29f00bb7c0d9...,SYSTEM,DefaultMiner,2.00,MINING REWARD,2025-10-11 18:43:37

TRANSACTION SUMMARY,,,,,,
Total Transactions,2,,,,,
User Transactions,1,,,,,
System Transactions,1,,,,,

WALLET PORTFOLIO ANALYSIS
Wallet Address,Balance (coins),Status,Transaction Count
Shahzad,5.00,ACTIVE - POSITIVE,1
RedHawk,4.00,ACTIVE - POSITIVE,0
DefaultMiner,2.00,ACTIVE - POSITIVE,1
Khurram,-5.00,ACTIVE - NEGATIVE,1

SECURITY & ATTACK ANALYSIS
Metric,Value,Risk Level,Recommendation
Total Attack Simulations,1,HIGH,Implement additional security measures
Successful Attacks,1,HIGH,
Attack Success Rate,100.0%,HIGH,
Double Spending Risk,HIGH,HIGH,Implement additional security measures

NETWORK PERFORMANCE METRICS
Metric,Current Value,Target Range,Status
Network Latency,97%,0-40%,HIGH
Node Health,10%,80-100%,LOW
Message Delivery,59.5%,90-100%,LOW
Attack Resistance,10%,80-100%,LOW

TECHNICAL SPECIFICATIONS
Component,Implementation,Version,Status
Blockchain Core,Custom Python Implementation,1.0,ACTIVE
Consensus Mechanism,Proof of Work (PoW),1.0,ACTIVE
Network Simulation,SimBlock Integration,1.0,ACTIVE
Web Interface,Flask + JavaScript,1.0,ACTIVE
Data Analytics,Real-time Charts & Metrics,1.0,ACTIVE
Attack Detection,Double Spending Algorithm,1.0,ACTIVE

REPORT GENERATED BY: Blockchain Anomaly Detection System
EDUCATIONAL PURPOSE: Virtual University of Pakistan
TIMESTAMP:,2025-10-11 18:44:40
REPORT ID:,BLOCKCHAIN_REPORT_2025-10-11 18:43:37
