DOUBLE SPENDING ATTACK ANALYSIS - COMPREHENSIVE REPORT
Generated,2025-10-19 13:59:22
Report Type,Security Analysis & Attack Forensics


ATTACK EXECUTIVE SUMMARY
Metric,Value,Impact Level
Attack Status,SUCCESSFUL,HIGH
Attacker Identity,RedHawk,HIGH
Attack Amount,2.0 coins,HIGH
Private Blocks Mined,1,HIGH
Success Probability,80%,HIGH
Hash Power Used,70%,HIGH

ATTACK CONFIGURATION DETAILS
Parameter,Setting,Description
Attacker Name,RedHawk,Primary attacker identifier
Target Blocks,1,Private blocks to mine
Attack Amount,2.0 coins,Double spending amount
Hash Power,70%,Computational resources
Success Probability,80%,Base success chance
Force Success,DISABLED,Override mode
Force Failure,DISABLED,Override mode
Network Latency,100ms,Simulated conditions

TRANSACTION FORENSICS ANALYSIS
Transaction Type,Sender,Receiver,Amount,Timestamp,Purpose,Status
LEGITIMATE TRANSACTION,,,RedHawk,Victim_Wallet,2.0,2025-10-19 13:58:19,VALID
MALICIOUS TRANSACTION,,,RedHawk,RedHawk,2.0,2025-10-19 13:58:19,FRAUDULENT

DOUBLE SPENDING DETECTION INDICATORS
Indicator,Present,Confidence Level,Description
Same Sender,DETECTED,HIGH,Both transactions from same wallet
Same Amount,DETECTED,HIGH,Identical transaction amounts
Same Timestamp,DETECTED,MEDIUM,Transactions created simultaneously
Different Receivers,DETECTED,HIGH,Funds sent to different destinations
Private Mining,DETECTED,HIGH,Attempt to create alternative chain

ATTACK EXECUTION TIMELINE
Step,Action,Result,Timestamp,Status
1,Probability Calculation,True,13:58:21,SUCCESS
2,Private Mining,True,13:58:23,SUCCESS
3,Network Broadcast,True,13:58:25,SUCCESS

NETWORK IMPACT ANALYSIS
Metric,Before Attack,After Attack,Change,Impact Level
Network Activity,54%,100%,+46.0%,HIGH
Network Latency,91%,Current,,CONCERN
Node Health,10%,Current,,CONCERN
Message Delivery,56.0%,Current,,NORMAL
Attack Resistance,10%,Current,,CONCERN

SECURITY RECOMMENDATIONS & MITIGATIONS
Priority,Recommendation,Implementation,Expected Impact
HIGH,Wait for multiple confirmations,Transaction validation,Prevents double spending
HIGH,Monitor transaction patterns,Real-time analytics,Early detection
MEDIUM,Implement network monitoring,Node surveillance,Attack prevention
MEDIUM,Use longer block times,Consensus parameters,Increases security
LOW,Regular security audits,Periodic reviews,Continuous improvement

COMPREHENSIVE RISK ASSESSMENT
Risk Factor,Level,Probability,Impact,Mitigation Strategy
Double Spending Success,HIGH,80%,HIGH,"Multiple confirmations, monitoring"
Network Vulnerability,MEDIUM,60%,MEDIUM,Enhanced node security
Consensus Weakness,LOW,30%,HIGH,Algorithm improvements
User Awareness,MEDIUM,70%,MEDIUM,Education & training


ATTACK ANALYSIS REPORT GENERATED BY: Blockchain Security System
EDUCATIONAL USE: Virtual University Blockchain Research
REPORT TIMESTAMP:,2025-10-19 13:59:22
REPORT ID:,ATTACK_ANALYSIS_20251019_135922
